,,,ADF Statistic,P - Value,Lag
Close,AUD,S&P/ASX 200,-0.793744810837,0.820952580186,7
Close,BDT,DSE 30,,,
Close,CNY,SZSE Component,,,
Close,CNY,Shanghai,-2.24850569324,0.189113761476,24
Close,HKD,Hang Seng,-1.88739974888,0.338011685171,4
Close,IDR,IDX Composite,-1.73598786821,0.412672283932,4
Close,INR,BSE Sensex,,,
Close,INR,Nifty 50,-0.0819335624554,0.951208552803,1
Close,JPY,Nikkei 225,-0.626610632213,0.864855039889,0
Close,KRW,KOSPI,-2.62423408482,0.0880912956392,9
Close,KRW,KOSPI 50,,,
Close,LKR,CSE All-Share,-3.42774352423,0.0100486813772,10
Close,MNT,MNE Top 20,,,
Close,MYR,KLCI,,,
Close,NZD,NZX 50,2.25841956967,0.998927230726,8
Close,NZD,NZX MidCap,1.61747704712,0.997909072812,8
Close,PHP,PSEi Composite,,,
Close,PKR,Karachi 100,-1.14736612672,0.695818208284,15
Close,SGD,STI Index,,,
Close,THB,SET,-2.22990692074,0.195570543992,6
Close,TWD,TPEx 50,,,
Close,TWD,Taiwan Weighted,,,
Close,USD,Dow 30,0.289043067095,0.976836166495,5
Close,USD,Nasdaq,0.673865829089,0.989301623736,2
Close,USD,Nasdaq 100,1.11233916054,0.995320568576,8
Close,USD,S&P 500,0.368731830667,0.980287205395,5
Close,VND,HNX 30,,,
Close,VND,VN 30,-0.881783051684,0.793912312267,6
High,AUD,S&P/ASX 200,-0.599121422735,0.871180425781,5
High,BDT,DSE 30,,,
High,CNY,SZSE Component,,,
High,CNY,Shanghai,-2.32807394259,0.163073343229,25
High,HKD,Hang Seng,-1.84222089065,0.359710670839,1
High,IDR,IDX Composite,-1.6755621751,0.443745513673,7
High,INR,BSE Sensex,,,
High,INR,Nifty 50,0.147106914199,0.969133980808,6
High,JPY,Nikkei 225,-0.559038504475,0.879971666916,1
High,KRW,KOSPI,-2.61675840219,0.0895828753372,2
High,KRW,KOSPI 50,,,
High,LKR,CSE All-Share,-3.54216508225,0.00696798288038,13
High,MNT,MNE Top 20,,,
High,MYR,KLCI,,,
High,NZD,NZX 50,2.3883817574,0.999004736774,1
High,NZD,NZX MidCap,1.92538405342,0.998567781948,1
High,PHP,PSEi Composite,,,
High,PKR,Karachi 100,-1.17171052021,0.685645240779,22
High,SGD,STI Index,,,
High,THB,SET,-2.28215141082,0.177789126859,1
High,TWD,TPEx 50,,,
High,TWD,Taiwan Weighted,,,
High,USD,Dow 30,0.27076792573,0.975962861998,1
High,USD,Nasdaq,0.720252489591,0.990233496512,1
High,USD,Nasdaq 100,1.3075071824,0.996650640138,23
High,USD,S&P 500,0.509987176688,0.985173508154,23
High,VND,HNX 30,,,
High,VND,VN 30,-0.887239889665,0.7921454566,25
Low,AUD,S&P/ASX 200,-0.772317605937,0.827118644985,5
Low,BDT,DSE 30,,,
Low,CNY,SZSE Component,,,
Low,CNY,Shanghai,-2.20013285238,0.206197242637,24
Low,HKD,Hang Seng,-2.01913013148,0.278248702937,2
Low,IDR,IDX Composite,-1.72107288786,0.420289098378,4
Low,INR,BSE Sensex,,,
Low,INR,Nifty 50,-0.127245110525,0.946656286433,1
Low,JPY,Nikkei 225,-0.677702311745,0.852440916692,1
Low,KRW,KOSPI,-2.58265891846,0.0966345433118,5
Low,KRW,KOSPI 50,,,
Low,LKR,CSE All-Share,-3.41421429039,0.010483746866,10
Low,MNT,MNE Top 20,,,
Low,MYR,KLCI,,,
Low,NZD,NZX 50,2.44135730529,0.999028462463,18
Low,NZD,NZX MidCap,1.85948507824,0.998459977234,1
Low,PHP,PSEi Composite,,,
Low,PKR,Karachi 100,-1.15007224882,0.694696523472,24
Low,SGD,STI Index,,,
Low,THB,SET,-2.48631323136,0.118840077821,21
Low,TWD,TPEx 50,,,
Low,TWD,Taiwan Weighted,,,
Low,USD,Dow 30,0.145248226675,0.96901802821,7
Low,USD,Nasdaq,0.822520032239,0.991991122694,11
Low,USD,Nasdaq 100,1.19307787646,0.995937707189,11
Low,USD,S&P 500,0.32833446916,0.978607755339,9
Low,VND,HNX 30,,,
Low,VND,VN 30,-0.905154812916,0.786270124052,6
Open,AUD,S&P/ASX 200,-0.660382884581,0.856746188826,7
Open,BDT,DSE 30,,,
Open,CNY,SZSE Component,,,
Open,CNY,Shanghai,-2.24850217838,0.189114968486,24
Open,HKD,Hang Seng,-1.96137459262,0.303761437266,1
Open,IDR,IDX Composite,-1.70487920581,0.428600332892,4
Open,INR,BSE Sensex,,,
Open,INR,Nifty 50,0.110644249965,0.966780357188,9
Open,JPY,Nikkei 225,-0.569840686541,0.87765222011,1
Open,KRW,KOSPI,-2.61716834076,0.0895005811007,10
Open,KRW,KOSPI 50,,,
Open,LKR,CSE All-Share,-3.57251215335,0.00630881094192,13
Open,MNT,MNE Top 20,,,
Open,MYR,KLCI,,,
Open,NZD,NZX 50,2.43290518423,0.999024963278,5
Open,NZD,NZX MidCap,2.03048557903,0.998711278052,5
Open,PHP,PSEi Composite,,,
Open,PKR,Karachi 100,-1.15743722359,0.691632107811,24
Open,SGD,STI Index,,,
Open,THB,SET,-2.2425527328,0.19116518639,0
Open,TWD,TPEx 50,,,
Open,TWD,Taiwan Weighted,,,
Open,USD,Dow 30,0.247280741381,0.974792182927,5
Open,USD,Nasdaq,0.761968246203,0.990996787448,9
Open,USD,Nasdaq 100,1.10663869492,0.995272884758,9
Open,USD,S&P 500,0.383354532552,0.980861675641,9
Open,VND,HNX 30,,,
Open,VND,VN 30,-0.919035646022,0.781639089718,3
Volume,AUD,S&P/ASX 200,-4.48523425679,0.000209079708887,25
Volume,BDT,DSE 30,,,
Volume,CNY,SZSE Component,,,
Volume,CNY,Shanghai,-3.08289077485,0.0278455310366,25
Volume,HKD,Hang Seng,-3.51036820028,0.0077247752996,23
Volume,IDR,IDX Composite,-4.65516803486,0.000102078473222,11
Volume,INR,BSE Sensex,,,
Volume,INR,Nifty 50,-1.24477490801,0.654044398407,28
Volume,JPY,Nikkei 225,-1.86318393814,0.349573714537,28
Volume,KRW,KOSPI,-4.57801035787,0.000141776515748,28
Volume,KRW,KOSPI 50,,,
Volume,LKR,CSE All-Share,-18.7922090455,2.02338462618e-30,3
Volume,MNT,MNE Top 20,,,
Volume,MYR,KLCI,,,
Volume,NZD,NZX 50,-8.31613245722,3.67663472445e-13,14
Volume,NZD,NZX MidCap,-5.26150191178,6.57600960062e-06,22
Volume,PHP,PSEi Composite,,,
Volume,PKR,Karachi 100,-2.55731249729,0.102144698324,23
Volume,SGD,STI Index,,,
Volume,THB,SET,-3.487112371,0.0083243105047,18
Volume,TWD,TPEx 50,,,
Volume,TWD,Taiwan Weighted,,,
Volume,USD,Dow 30,-2.47384933496,0.121967395979,24
Volume,USD,Nasdaq,-5.33794159822,4.56701870403e-06,24
Volume,USD,Nasdaq 100,-4.91481417343,3.26312984789e-05,24
Volume,USD,S&P 500,,,0
Volume,VND,HNX 30,,,
Volume,VND,VN 30,-9.27301175435,1.31134725466e-15,27
Intraday_OC,AUD,S&P/ASX 200,-19.7579542399,0.0,6
Intraday_OC,BDT,DSE 30,,,
Intraday_OC,CNY,SZSE Component,,,
Intraday_OC,CNY,Shanghai,-18.5145480108,2.11246570303e-30,6
Intraday_OC,HKD,Hang Seng,-36.9851646722,0.0,1
Intraday_OC,IDR,IDX Composite,-14.0077022945,3.76219298756e-26,11
Intraday_OC,INR,BSE Sensex,,,
Intraday_OC,INR,Nifty 50,-12.8288379264,5.93331738831e-24,12
Intraday_OC,JPY,Nikkei 225,-16.1133795638,4.98551517367e-29,11
Intraday_OC,KRW,KOSPI,-51.347548369,0.0,0
Intraday_OC,KRW,KOSPI 50,,,
Intraday_OC,LKR,CSE All-Share,-8.44019041114,1.77179477013e-13,28
Intraday_OC,MNT,MNE Top 20,,,
Intraday_OC,MYR,KLCI,,,
Intraday_OC,NZD,NZX 50,-17.4261597614,4.79546667932e-30,7
Intraday_OC,NZD,NZX MidCap,-18.0245788306,2.68846248885e-30,6
Intraday_OC,PHP,PSEi Composite,,,
Intraday_OC,PKR,Karachi 100,-43.7764103984,0.0,0
Intraday_OC,SGD,STI Index,,,
Intraday_OC,THB,SET,-22.4207827344,0.0,5
Intraday_OC,TWD,TPEx 50,,,
Intraday_OC,TWD,Taiwan Weighted,,,
Intraday_OC,USD,Dow 30,-24.7966272261,0.0,4
Intraday_OC,USD,Nasdaq,-52.1789668178,0.0,0
Intraday_OC,USD,Nasdaq 100,-52.9557954113,0.0,0
Intraday_OC,USD,S&P 500,-24.9864782679,0.0,4
Intraday_OC,VND,HNX 30,,,
Intraday_OC,VND,VN 30,-26.0185036798,0.0,2
Intraday_HL,AUD,S&P/ASX 200,-5.96699335258,1.97696271806e-07,20
Intraday_HL,BDT,DSE 30,,,
Intraday_HL,CNY,SZSE Component,,,
Intraday_HL,CNY,Shanghai,-4.22327889793,0.0006016000511,28
Intraday_HL,HKD,Hang Seng,-6.54086150949,9.35460526557e-09,20
Intraday_HL,IDR,IDX Composite,-7.20632625201,2.29517922368e-10,14
Intraday_HL,INR,BSE Sensex,,,
Intraday_HL,INR,Nifty 50,-6.60063912576,6.74969212538e-09,16
Intraday_HL,JPY,Nikkei 225,-7.7006864535,1.34187259076e-11,13
Intraday_HL,KRW,KOSPI,-8.24912470676,5.45114913187e-13,9
Intraday_HL,KRW,KOSPI 50,,,
Intraday_HL,LKR,CSE All-Share,-5.96165405804,2.03232206661e-07,16
Intraday_HL,MNT,MNE Top 20,,,
Intraday_HL,MYR,KLCI,,,
Intraday_HL,NZD,NZX 50,-13.6416316411,1.64887488326e-25,6
Intraday_HL,NZD,NZX MidCap,-17.9621544788,2.81449160618e-30,3
Intraday_HL,PHP,PSEi Composite,,,
Intraday_HL,PKR,Karachi 100,-9.57328047382,2.25819332169e-16,9
Intraday_HL,SGD,STI Index,,,
Intraday_HL,THB,SET,-6.41899269276,1.81119942419e-08,19
Intraday_HL,TWD,TPEx 50,,,
Intraday_HL,TWD,Taiwan Weighted,,,
Intraday_HL,USD,Dow 30,-6.05054855898,1.28069708153e-07,12
Intraday_HL,USD,Nasdaq,-7.27906971452,1.51713203269e-10,12
Intraday_HL,USD,Nasdaq 100,-7.44564159196,5.84832630912e-11,12
Intraday_HL,USD,S&P 500,-6.66981147279,4.61829754621e-09,12
Intraday_HL,VND,HNX 30,,,
Intraday_HL,VND,VN 30,-4.34905729752,0.000364902780787,13
Prev_close_open,AUD,S&P/ASX 200,-24.0128507317,0.0,4
Prev_close_open,BDT,DSE 30,,,
Prev_close_open,CNY,SZSE Component,,,
Prev_close_open,CNY,Shanghai,-8.41245258659,2.08610428068e-13,25
Prev_close_open,HKD,Hang Seng,-23.8200162721,0.0,4
Prev_close_open,IDR,IDX Composite,-16.8859328547,1.05410152716e-29,6
Prev_close_open,INR,BSE Sensex,,,
Prev_close_open,INR,Nifty 50,-25.8050979533,0.0,3
Prev_close_open,JPY,Nikkei 225,-23.9412627427,0.0,4
Prev_close_open,KRW,KOSPI,-11.1550214253,2.88026175387e-20,20
Prev_close_open,KRW,KOSPI 50,,,
Prev_close_open,LKR,CSE All-Share,-34.4982320014,0.0,1
Prev_close_open,MNT,MNE Top 20,,,
Prev_close_open,MYR,KLCI,,,
Prev_close_open,NZD,NZX 50,,,
Prev_close_open,NZD,NZX MidCap,,,
Prev_close_open,PHP,PSEi Composite,,,
Prev_close_open,PKR,Karachi 100,-27.9939959675,0.0,1
Prev_close_open,SGD,STI Index,,,
Prev_close_open,THB,SET,-22.8463363855,0.0,4
Prev_close_open,TWD,TPEx 50,,,
Prev_close_open,TWD,Taiwan Weighted,,,
Prev_close_open,USD,Dow 30,-9.64207890815,1.51148077917e-16,27
Prev_close_open,USD,Nasdaq,-28.6619086858,0.0,3
Prev_close_open,USD,Nasdaq 100,-28.7443276188,0.0,3
Prev_close_open,USD,S&P 500,-11.9183283996,5.10197156245e-22,20
Prev_close_open,VND,HNX 30,,,
Prev_close_open,VND,VN 30,-14.0017530034,3.8508860541e-26,12
Open_Ret,AUD,S&P/ASX 200,-19.9990719599,0.0,6
Open_Ret,BDT,DSE 30,,,
Open_Ret,CNY,SZSE Component,,,
Open_Ret,CNY,Shanghai,-10.2030440393,5.9014369451e-18,23
Open_Ret,HKD,Hang Seng,-48.7063174577,0.0,0
Open_Ret,IDR,IDX Composite,-29.2171657426,0.0,3
Open_Ret,INR,BSE Sensex,,,
Open_Ret,INR,Nifty 50,-16.786546153,1.25186627122e-29,9
Open_Ret,JPY,Nikkei 225,-50.1783334126,0.0,0
Open_Ret,KRW,KOSPI,-14.7368042802,2.60783144487e-27,11
Open_Ret,KRW,KOSPI 50,,,
Open_Ret,LKR,CSE All-Share,-12.9817395014,2.93398589985e-24,9
Open_Ret,MNT,MNE Top 20,,,
Open_Ret,MYR,KLCI,,,
Open_Ret,NZD,NZX 50,-23.5281776139,0.0,4
Open_Ret,NZD,NZX MidCap,-14.2943538883,1.25985451538e-26,9
Open_Ret,PHP,PSEi Composite,,,
Open_Ret,PKR,Karachi 100,-45.3327514618,0.0,0
Open_Ret,SGD,STI Index,,,
Open_Ret,THB,SET,-49.7554500635,0.0,0
Open_Ret,TWD,TPEx 50,,,
Open_Ret,TWD,Taiwan Weighted,,,
Open_Ret,USD,Dow 30,-24.8412684463,0.0,4
Open_Ret,USD,Nasdaq,-25.1622540134,0.0,4
Open_Ret,USD,Nasdaq 100,-25.0288985365,0.0,4
Open_Ret,USD,S&P 500,-25.0439189262,0.0,4
Open_Ret,VND,HNX 30,,,
Open_Ret,VND,VN 30,-33.3104193962,0.0,1
High_Ret,AUD,S&P/ASX 200,-24.0590508028,0.0,4
High_Ret,BDT,DSE 30,,,
High_Ret,CNY,SZSE Component,,,
High_Ret,CNY,Shanghai,-10.0559584121,1.37291971266e-17,22
High_Ret,HKD,Hang Seng,-45.4945267471,0.0,0
High_Ret,IDR,IDX Composite,-19.4404519831,0.0,6
High_Ret,INR,BSE Sensex,,,
High_Ret,INR,Nifty 50,-44.9143034855,0.0,0
High_Ret,JPY,Nikkei 225,-44.7466383013,0.0,0
High_Ret,KRW,KOSPI,-23.3163019941,0.0,4
High_Ret,KRW,KOSPI 50,,,
High_Ret,LKR,CSE All-Share,-12.1217564493,1.81850248521e-22,11
High_Ret,MNT,MNE Top 20,,,
High_Ret,MYR,KLCI,,,
High_Ret,NZD,NZX 50,-41.6785231128,0.0,0
High_Ret,NZD,NZX MidCap,-31.1111179183,0.0,1
High_Ret,PHP,PSEi Composite,,,
High_Ret,PKR,Karachi 100,-25.9881620816,0.0,2
High_Ret,SGD,STI Index,,,
High_Ret,THB,SET,-43.1314637968,0.0,0
High_Ret,TWD,TPEx 50,,,
High_Ret,TWD,Taiwan Weighted,,,
High_Ret,USD,Dow 30,-43.8288004685,0.0,0
High_Ret,USD,Nasdaq,-43.9604604834,0.0,0
High_Ret,USD,Nasdaq 100,-44.2915062371,0.0,0
High_Ret,USD,S&P 500,-10.7847315204,2.20902987602e-19,26
High_Ret,VND,HNX 30,,,
High_Ret,VND,VN 30,-22.185938756,0.0,4
Low_Ret,AUD,S&P/ASX 200,-25.1312177274,0.0,4
Low_Ret,BDT,DSE 30,,,
Low_Ret,CNY,SZSE Component,,,
Low_Ret,CNY,Shanghai,-10.4923541577,1.13836604018e-18,23
Low_Ret,HKD,Hang Seng,-23.874120077,0.0,4
Low_Ret,IDR,IDX Composite,-29.7104456417,0.0,3
Low_Ret,INR,BSE Sensex,,,
Low_Ret,INR,Nifty 50,-49.6099583888,0.0,0
Low_Ret,JPY,Nikkei 225,-15.9105958772,8.132086377e-29,11
Low_Ret,KRW,KOSPI,-25.0937811404,0.0,4
Low_Ret,KRW,KOSPI 50,,,
Low_Ret,LKR,CSE All-Share,-13.3727647695,5.15866447309e-25,9
Low_Ret,MNT,MNE Top 20,,,
Low_Ret,MYR,KLCI,,,
Low_Ret,NZD,NZX 50,-42.6878443636,0.0,0
Low_Ret,NZD,NZX MidCap,-41.8563213365,0.0,0
Low_Ret,PHP,PSEi Composite,,,
Low_Ret,PKR,Karachi 100,-33.5107066814,0.0,1
Low_Ret,SGD,STI Index,,,
Low_Ret,THB,SET,-12.3151739296,6.94798336998e-23,18
Low_Ret,TWD,TPEx 50,,,
Low_Ret,TWD,Taiwan Weighted,,,
Low_Ret,USD,Dow 30,-25.3835594185,0.0,4
Low_Ret,USD,Nasdaq,-24.8282364838,0.0,4
Low_Ret,USD,Nasdaq 100,-19.3010526831,0.0,8
Low_Ret,USD,S&P 500,-25.060424011,0.0,4
Low_Ret,VND,HNX 30,,,
Low_Ret,VND,VN 30,-19.0312656247,0.0,6
Close_Ret,AUD,S&P/ASX 200,-20.0833453856,0.0,6
Close_Ret,BDT,DSE 30,,,
Close_Ret,CNY,SZSE Component,,,
Close_Ret,CNY,Shanghai,-9.14745834339,2.74334819289e-15,28
Close_Ret,HKD,Hang Seng,-25.8035042227,0.0,3
Close_Ret,IDR,IDX Composite,-15.0090045196,1.06230087789e-27,11
Close_Ret,INR,BSE Sensex,,,
Close_Ret,INR,Nifty 50,-47.2858826849,0.0,0
Close_Ret,JPY,Nikkei 225,-26.8467202289,0.0,3
Close_Ret,KRW,KOSPI,-13.4762001586,3.30845522045e-25,13
Close_Ret,KRW,KOSPI 50,,,
Close_Ret,LKR,CSE All-Share,-8.20231424014,7.17580163283e-13,28
Close_Ret,MNT,MNE Top 20,,,
Close_Ret,MYR,KLCI,,,
Close_Ret,NZD,NZX 50,,,
Close_Ret,NZD,NZX MidCap,,,
Close_Ret,PHP,PSEi Composite,,,
Close_Ret,PKR,Karachi 100,-14.0236257203,3.53514242488e-26,12
Close_Ret,SGD,STI Index,,,
Close_Ret,THB,SET,-18.5836245367,2.07675170456e-30,7
Close_Ret,TWD,TPEx 50,,,
Close_Ret,TWD,Taiwan Weighted,,,
Close_Ret,USD,Dow 30,-25.0280080722,0.0,4
Close_Ret,USD,Nasdaq,-24.7097628963,0.0,4
Close_Ret,USD,Nasdaq 100,-24.5997262139,0.0,4
Close_Ret,USD,S&P 500,-25.2551737008,0.0,4
Close_Ret,VND,HNX 30,,,
Close_Ret,VND,VN 30,-15.630581147,1.6873875365e-28,11
Volume_Ret,AUD,S&P/ASX 200,,,
Volume_Ret,BDT,DSE 30,,,
Volume_Ret,CNY,SZSE Component,,,
Volume_Ret,CNY,Shanghai,-22.8013004141,0.0,7
Volume_Ret,HKD,Hang Seng,,,
Volume_Ret,IDR,IDX Composite,,,
Volume_Ret,INR,BSE Sensex,,,
Volume_Ret,INR,Nifty 50,-52.0724674202,0.0,0
Volume_Ret,JPY,Nikkei 225,,,
Volume_Ret,KRW,KOSPI,-51.0654636751,0.0,0
Volume_Ret,KRW,KOSPI 50,,,
Volume_Ret,LKR,CSE All-Share,,,
Volume_Ret,MNT,MNE Top 20,,,
Volume_Ret,MYR,KLCI,,,
Volume_Ret,NZD,NZX 50,-10.1820137913,6.65667370948e-18,22
Volume_Ret,NZD,NZX MidCap,,,
Volume_Ret,PHP,PSEi Composite,,,
Volume_Ret,PKR,Karachi 100,,,
Volume_Ret,SGD,STI Index,,,
Volume_Ret,THB,SET,-20.8223651403,0.0,8
Volume_Ret,TWD,TPEx 50,,,
Volume_Ret,TWD,Taiwan Weighted,,,
Volume_Ret,USD,Dow 30,,,
Volume_Ret,USD,Nasdaq,-56.5193202032,0.0,0
Volume_Ret,USD,Nasdaq 100,-12.8303011134,5.89309412984e-24,19
Volume_Ret,USD,S&P 500,,,
Volume_Ret,VND,HNX 30,,,
Volume_Ret,VND,VN 30,,,
Open_Ret_MA_3,AUD,S&P/ASX 200,-10.6629604606,4.35944602157e-19,28
Open_Ret_MA_3,BDT,DSE 30,,,
Open_Ret_MA_3,CNY,SZSE Component,,,
Open_Ret_MA_3,CNY,Shanghai,-9.31507789686,1.02433304588e-15,28
Open_Ret_MA_3,HKD,Hang Seng,-10.2310195752,5.02869991956e-18,28
Open_Ret_MA_3,IDR,IDX Composite,-9.12328546913,3.16268523333e-15,28
Open_Ret_MA_3,INR,BSE Sensex,,,
Open_Ret_MA_3,INR,Nifty 50,-10.3093231093,3.21627061971e-18,27
Open_Ret_MA_3,JPY,Nikkei 225,-9.49122457963,3.64822906143e-16,28
Open_Ret_MA_3,KRW,KOSPI,-10.7071009269,3.40553574761e-19,27
Open_Ret_MA_3,KRW,KOSPI 50,,,
Open_Ret_MA_3,LKR,CSE All-Share,-8.14553527111,1.00126853727e-12,28
Open_Ret_MA_3,MNT,MNE Top 20,,,
Open_Ret_MA_3,MYR,KLCI,,,
Open_Ret_MA_3,NZD,NZX 50,-9.69841034026,1.08858808397e-16,24
Open_Ret_MA_3,NZD,NZX MidCap,-9.61890628678,1.73020384793e-16,26
Open_Ret_MA_3,PHP,PSEi Composite,,,
Open_Ret_MA_3,PKR,Karachi 100,-9.1587653773,2.56679370873e-15,28
Open_Ret_MA_3,SGD,STI Index,,,
Open_Ret_MA_3,THB,SET,-9.08785018402,3.89619906868e-15,27
Open_Ret_MA_3,TWD,TPEx 50,,,
Open_Ret_MA_3,TWD,Taiwan Weighted,,,
Open_Ret_MA_3,USD,Dow 30,-10.3243776376,2.9519538117e-18,28
Open_Ret_MA_3,USD,Nasdaq,-10.2865499837,3.66215667291e-18,28
Open_Ret_MA_3,USD,Nasdaq 100,-10.2989501268,3.41215153281e-18,28
Open_Ret_MA_3,USD,S&P 500,-10.3468972695,2.59683872931e-18,28
Open_Ret_MA_3,VND,HNX 30,,,
Open_Ret_MA_3,VND,VN 30,-9.21448298102,1.84964181972e-15,27
Open_Ret_MA_15,AUD,S&P/ASX 200,-10.1933474729,6.23830133346e-18,27
Open_Ret_MA_15,BDT,DSE 30,,,
Open_Ret_MA_15,CNY,SZSE Component,,,
Open_Ret_MA_15,CNY,Shanghai,-8.89969122182,1.18054503294e-14,24
Open_Ret_MA_15,HKD,Hang Seng,-9.09407337578,3.75603922736e-15,21
Open_Ret_MA_15,IDR,IDX Composite,-9.62219269788,1.6973482984e-16,28
Open_Ret_MA_15,INR,BSE Sensex,,,
Open_Ret_MA_15,INR,Nifty 50,-10.5348849598,8.95419503346e-19,28
Open_Ret_MA_15,JPY,Nikkei 225,-9.33828936436,8.9387809348e-16,25
Open_Ret_MA_15,KRW,KOSPI,-10.082428906,1.17896626316e-17,27
Open_Ret_MA_15,KRW,KOSPI 50,,,
Open_Ret_MA_15,LKR,CSE All-Share,-8.1102062699,1.23168089703e-12,28
Open_Ret_MA_15,MNT,MNE Top 20,,,
Open_Ret_MA_15,MYR,KLCI,,,
Open_Ret_MA_15,NZD,NZX 50,-9.08253868788,4.01996205289e-15,26
Open_Ret_MA_15,NZD,NZX MidCap,-8.81152386907,1.98535458995e-14,26
Open_Ret_MA_15,PHP,PSEi Composite,,,
Open_Ret_MA_15,PKR,Karachi 100,-9.26233976599,1.396188867e-15,23
Open_Ret_MA_15,SGD,STI Index,,,
Open_Ret_MA_15,THB,SET,-10.2509587233,4.48712626572e-18,28
Open_Ret_MA_15,TWD,TPEx 50,,,
Open_Ret_MA_15,TWD,Taiwan Weighted,,,
Open_Ret_MA_15,USD,Dow 30,-10.3377390282,2.73574635659e-18,28
Open_Ret_MA_15,USD,Nasdaq,-10.0334975272,1.56250060206e-17,28
Open_Ret_MA_15,USD,Nasdaq 100,-10.1405085252,8.44509390272e-18,28
Open_Ret_MA_15,USD,S&P 500,-10.0707446059,1.26092658838e-17,28
Open_Ret_MA_15,VND,HNX 30,,,
Open_Ret_MA_15,VND,VN 30,-8.91255947127,1.0943060966e-14,25
Open_Ret_MA_45,AUD,S&P/ASX 200,-6.53335039308,9.74518246175e-09,7
Open_Ret_MA_45,BDT,DSE 30,,,
Open_Ret_MA_45,CNY,SZSE Component,,,
Open_Ret_MA_45,CNY,Shanghai,-7.3348608331,1.10333219612e-10,23
Open_Ret_MA_45,HKD,Hang Seng,-6.60892939644,6.45024773982e-09,27
Open_Ret_MA_45,IDR,IDX Composite,-6.09352266726,1.02295057638e-07,26
Open_Ret_MA_45,INR,BSE Sensex,,,
Open_Ret_MA_45,INR,Nifty 50,-6.93921811278,1.03546446317e-09,13
Open_Ret_MA_45,JPY,Nikkei 225,-6.13289054145,8.31942837278e-08,2
Open_Ret_MA_45,KRW,KOSPI,-7.1237843831,3.66465185152e-10,11
Open_Ret_MA_45,KRW,KOSPI 50,,,
Open_Ret_MA_45,LKR,CSE All-Share,-6.29418082037,3.5389660373e-08,19
Open_Ret_MA_45,MNT,MNE Top 20,,,
Open_Ret_MA_45,MYR,KLCI,,,
Open_Ret_MA_45,NZD,NZX 50,-6.77431701662,2.59397160689e-09,26
Open_Ret_MA_45,NZD,NZX MidCap,-6.4693158973,1.37980217501e-08,18
Open_Ret_MA_45,PHP,PSEi Composite,,,
Open_Ret_MA_45,PKR,Karachi 100,-5.63642666705,1.06050639923e-06,12
Open_Ret_MA_45,SGD,STI Index,,,
Open_Ret_MA_45,THB,SET,-6.99828340228,7.43515305045e-10,28
Open_Ret_MA_45,TWD,TPEx 50,,,
Open_Ret_MA_45,TWD,Taiwan Weighted,,,
Open_Ret_MA_45,USD,Dow 30,-6.93511409169,1.05952490952e-09,11
Open_Ret_MA_45,USD,Nasdaq,-6.96306072338,9.0600459631e-10,0
Open_Ret_MA_45,USD,Nasdaq 100,-7.15370035192,3.0937181733e-10,2
Open_Ret_MA_45,USD,S&P 500,-6.67716548329,4.4351951694e-09,11
Open_Ret_MA_45,VND,HNX 30,,,
Open_Ret_MA_45,VND,VN 30,-5.92109801513,2.50540809696e-07,2
High_Ret_MA_3,AUD,S&P/ASX 200,-10.6977750811,3.58775340173e-19,28
High_Ret_MA_3,BDT,DSE 30,,,
High_Ret_MA_3,CNY,SZSE Component,,,
High_Ret_MA_3,CNY,Shanghai,-9.1617652949,2.52189313841e-15,28
High_Ret_MA_3,HKD,Hang Seng,-9.83377049884,4.9574009548e-17,27
High_Ret_MA_3,IDR,IDX Composite,-8.812782145,1.97067890699e-14,28
High_Ret_MA_3,INR,BSE Sensex,,,
High_Ret_MA_3,INR,Nifty 50,-10.1991208237,6.03546757946e-18,27
High_Ret_MA_3,JPY,Nikkei 225,-9.22105313139,1.77956590498e-15,28
High_Ret_MA_3,KRW,KOSPI,-10.4043935603,1.87318199075e-18,27
High_Ret_MA_3,KRW,KOSPI 50,,,
High_Ret_MA_3,LKR,CSE All-Share,-8.349981838,3.0129454881e-13,28
High_Ret_MA_3,MNT,MNE Top 20,,,
High_Ret_MA_3,MYR,KLCI,,,
High_Ret_MA_3,NZD,NZX 50,-9.18623648377,2.18382157584e-15,27
High_Ret_MA_3,NZD,NZX MidCap,-9.2925505149,1.16918044172e-15,28
High_Ret_MA_3,PHP,PSEi Composite,,,
High_Ret_MA_3,PKR,Karachi 100,-8.91244291942,1.09505817635e-14,28
High_Ret_MA_3,SGD,STI Index,,,
High_Ret_MA_3,THB,SET,-8.96639324299,7.96788596728e-15,27
High_Ret_MA_3,TWD,TPEx 50,,,
High_Ret_MA_3,TWD,Taiwan Weighted,,,
High_Ret_MA_3,USD,Dow 30,-10.2774937611,3.85633510916e-18,28
High_Ret_MA_3,USD,Nasdaq,-10.5312671103,9.13874193041e-19,25
High_Ret_MA_3,USD,Nasdaq 100,-10.531476395,9.1279624769e-19,25
High_Ret_MA_3,USD,S&P 500,-10.1920758054,6.28389326101e-18,28
High_Ret_MA_3,VND,HNX 30,,,
High_Ret_MA_3,VND,VN 30,-9.15048314189,2.69495844668e-15,28
High_Ret_MA_15,AUD,S&P/ASX 200,-10.2132161311,5.56771661563e-18,28
High_Ret_MA_15,BDT,DSE 30,,,
High_Ret_MA_15,CNY,SZSE Component,,,
High_Ret_MA_15,CNY,Shanghai,-8.57248556683,8.12690825509e-14,26
High_Ret_MA_15,HKD,Hang Seng,-8.94977771662,8.78756857374e-15,21
High_Ret_MA_15,IDR,IDX Composite,-9.3827550544,6.88662012934e-16,28
High_Ret_MA_15,INR,BSE Sensex,,,
High_Ret_MA_15,INR,Nifty 50,-10.1531533302,7.8541872671e-18,25
High_Ret_MA_15,JPY,Nikkei 225,-9.25575512419,1.45125951159e-15,23
High_Ret_MA_15,KRW,KOSPI,-10.046661308,1.44841092374e-17,27
High_Ret_MA_15,KRW,KOSPI 50,,,
High_Ret_MA_15,LKR,CSE All-Share,-8.30493802088,3.92676948664e-13,27
High_Ret_MA_15,MNT,MNE Top 20,,,
High_Ret_MA_15,MYR,KLCI,,,
High_Ret_MA_15,NZD,NZX 50,-9.14189657243,2.83460707139e-15,27
High_Ret_MA_15,NZD,NZX MidCap,-9.0374249047,5.24322644921e-15,27
High_Ret_MA_15,PHP,PSEi Composite,,,
High_Ret_MA_15,PKR,Karachi 100,-9.13648460735,2.92632697253e-15,23
High_Ret_MA_15,SGD,STI Index,,,
High_Ret_MA_15,THB,SET,-10.1390825868,8.51447822148e-18,28
High_Ret_MA_15,TWD,TPEx 50,,,
High_Ret_MA_15,TWD,Taiwan Weighted,,,
High_Ret_MA_15,USD,Dow 30,-10.1098814065,1.00686887391e-17,27
High_Ret_MA_15,USD,Nasdaq,-9.99389191984,1.96329161515e-17,27
High_Ret_MA_15,USD,Nasdaq 100,-10.0804092305,1.19274004147e-17,27
High_Ret_MA_15,USD,S&P 500,-9.85557499295,4.36870921996e-17,27
High_Ret_MA_15,VND,HNX 30,,,
High_Ret_MA_15,VND,VN 30,-9.08391308506,3.98756458197e-15,25
High_Ret_MA_45,AUD,S&P/ASX 200,-6.37701167571,2.27069041157e-08,4
High_Ret_MA_45,BDT,DSE 30,,,
High_Ret_MA_45,CNY,SZSE Component,,,
High_Ret_MA_45,CNY,Shanghai,-7.15467914959,3.07660900331e-10,23
High_Ret_MA_45,HKD,Hang Seng,-6.01148771609,1.5696061998e-07,4
High_Ret_MA_45,IDR,IDX Composite,-6.01048962451,1.5777694708e-07,14
High_Ret_MA_45,INR,BSE Sensex,,,
High_Ret_MA_45,INR,Nifty 50,-6.43536004349,1.65802723575e-08,1
High_Ret_MA_45,JPY,Nikkei 225,-5.84173349693,3.76357704058e-07,1
High_Ret_MA_45,KRW,KOSPI,-7.023952434,6.43608267491e-10,27
High_Ret_MA_45,KRW,KOSPI 50,,,
High_Ret_MA_45,LKR,CSE All-Share,-6.53994198902,9.40157837227e-09,26
High_Ret_MA_45,MNT,MNE Top 20,,,
High_Ret_MA_45,MYR,KLCI,,,
High_Ret_MA_45,NZD,NZX 50,-6.85725793024,1.6363896276e-09,20
High_Ret_MA_45,NZD,NZX MidCap,-6.52936125689,9.95910909566e-09,18
High_Ret_MA_45,PHP,PSEi Composite,,,
High_Ret_MA_45,PKR,Karachi 100,-4.71985033999,7.72165750433e-05,1
High_Ret_MA_45,SGD,STI Index,,,
High_Ret_MA_45,THB,SET,-6.5507344708,8.86460540145e-09,23
High_Ret_MA_45,TWD,TPEx 50,,,
High_Ret_MA_45,TWD,Taiwan Weighted,,,
High_Ret_MA_45,USD,Dow 30,-7.72843861366,1.14234314376e-11,28
High_Ret_MA_45,USD,Nasdaq,-7.40354368148,7.44641090742e-11,27
High_Ret_MA_45,USD,Nasdaq 100,-7.66406418037,1.65910713498e-11,27
High_Ret_MA_45,USD,S&P 500,-7.21363009262,2.20187884065e-10,27
High_Ret_MA_45,VND,HNX 30,,,
High_Ret_MA_45,VND,VN 30,-5.86916854239,3.27101368781e-07,3
Low_Ret_MA_3,AUD,S&P/ASX 200,-10.9197451563,1.04533459034e-19,28
Low_Ret_MA_3,BDT,DSE 30,,,
Low_Ret_MA_3,CNY,SZSE Component,,,
Low_Ret_MA_3,CNY,Shanghai,-9.48861898214,3.70427480514e-16,28
Low_Ret_MA_3,HKD,Hang Seng,-10.2847246183,3.70048606914e-18,28
Low_Ret_MA_3,IDR,IDX Composite,-9.45684935757,4.46130426556e-16,28
Low_Ret_MA_3,INR,BSE Sensex,,,
Low_Ret_MA_3,INR,Nifty 50,-10.3306950579,2.84766169799e-18,28
Low_Ret_MA_3,JPY,Nikkei 225,-9.5716577556,2.27969684347e-16,28
Low_Ret_MA_3,KRW,KOSPI,-10.8056632887,1.96632678965e-19,28
Low_Ret_MA_3,KRW,KOSPI 50,,,
Low_Ret_MA_3,LKR,CSE All-Share,-8.06368279418,1.61752868e-12,28
Low_Ret_MA_3,MNT,MNE Top 20,,,
Low_Ret_MA_3,MYR,KLCI,,,
Low_Ret_MA_3,NZD,NZX 50,-9.56302076171,2.39765777448e-16,28
Low_Ret_MA_3,NZD,NZX MidCap,-9.49113749722,3.65008836439e-16,28
Low_Ret_MA_3,PHP,PSEi Composite,,,
Low_Ret_MA_3,PKR,Karachi 100,-9.4384220055,4.96967551961e-16,28
Low_Ret_MA_3,SGD,STI Index,,,
Low_Ret_MA_3,THB,SET,-9.14667304304,2.75605289478e-15,28
Low_Ret_MA_3,TWD,TPEx 50,,,
Low_Ret_MA_3,TWD,Taiwan Weighted,,,
Low_Ret_MA_3,USD,Dow 30,-10.6390567531,4.98442586676e-19,28
Low_Ret_MA_3,USD,Nasdaq,-10.6795049912,3.97378067794e-19,28
Low_Ret_MA_3,USD,Nasdaq 100,-10.7626674804,2.49773833432e-19,28
Low_Ret_MA_3,USD,S&P 500,-10.7142700047,3.27183503349e-19,28
Low_Ret_MA_3,VND,HNX 30,,,
Low_Ret_MA_3,VND,VN 30,-9.31759426994,1.00931378976e-15,28
Low_Ret_MA_15,AUD,S&P/ASX 200,-10.1675003382,7.23396051392e-18,27
Low_Ret_MA_15,BDT,DSE 30,,,
Low_Ret_MA_15,CNY,SZSE Component,,,
Low_Ret_MA_15,CNY,Shanghai,-8.63997078117,5.45953315633e-14,28
Low_Ret_MA_15,HKD,Hang Seng,-9.21618156448,1.83126426517e-15,24
Low_Ret_MA_15,IDR,IDX Composite,-9.90608434118,3.26077835487e-17,28
Low_Ret_MA_15,INR,BSE Sensex,,,
Low_Ret_MA_15,INR,Nifty 50,-10.7943197585,2.09430756049e-19,28
Low_Ret_MA_15,JPY,Nikkei 225,-9.72577214807,9.28335464676e-17,26
Low_Ret_MA_15,KRW,KOSPI,-10.1253223579,9.21424541148e-18,26
Low_Ret_MA_15,KRW,KOSPI 50,,,
Low_Ret_MA_15,LKR,CSE All-Share,-8.64235217012,5.38341712285e-14,25
Low_Ret_MA_15,MNT,MNE Top 20,,,
Low_Ret_MA_15,MYR,KLCI,,,
Low_Ret_MA_15,NZD,NZX 50,-9.03519119353,5.31266466758e-15,28
Low_Ret_MA_15,NZD,NZX MidCap,-9.005537222,6.32668495608e-15,28
Low_Ret_MA_15,PHP,PSEi Composite,,,
Low_Ret_MA_15,PKR,Karachi 100,-9.31787338775,1.00766150843e-15,22
Low_Ret_MA_15,SGD,STI Index,,,
Low_Ret_MA_15,THB,SET,-10.7632632957,2.48946217633e-19,28
Low_Ret_MA_15,TWD,TPEx 50,,,
Low_Ret_MA_15,TWD,Taiwan Weighted,,,
Low_Ret_MA_15,USD,Dow 30,-10.2784838908,3.8346098235e-18,27
Low_Ret_MA_15,USD,Nasdaq,-10.1265726048,9.14834182113e-18,27
Low_Ret_MA_15,USD,Nasdaq 100,-10.3058338252,3.28086333791e-18,28
Low_Ret_MA_15,USD,S&P 500,-9.7918334755,6.32336365873e-17,21
Low_Ret_MA_15,VND,HNX 30,,,
Low_Ret_MA_15,VND,VN 30,-8.96529268162,8.01972996277e-15,25
Low_Ret_MA_45,AUD,S&P/ASX 200,-6.53499050878,9.65854749371e-09,6
Low_Ret_MA_45,BDT,DSE 30,,,
Low_Ret_MA_45,CNY,SZSE Component,,,
Low_Ret_MA_45,CNY,Shanghai,-7.01583458083,6.73675123316e-10,25
Low_Ret_MA_45,HKD,Hang Seng,-6.29717426824,3.48285727519e-08,3
Low_Ret_MA_45,IDR,IDX Composite,-6.56521821119,8.19123397951e-09,13
Low_Ret_MA_45,INR,BSE Sensex,,,
Low_Ret_MA_45,INR,Nifty 50,-6.95341655018,9.5631927275e-10,2
Low_Ret_MA_45,JPY,Nikkei 225,-6.16248151836,7.1187169754e-08,13
Low_Ret_MA_45,KRW,KOSPI,-7.26298570157,1.66276723332e-10,14
Low_Ret_MA_45,KRW,KOSPI 50,,,
Low_Ret_MA_45,LKR,CSE All-Share,-6.41746834546,1.82615490965e-08,23
Low_Ret_MA_45,MNT,MNE Top 20,,,
Low_Ret_MA_45,MYR,KLCI,,,
Low_Ret_MA_45,NZD,NZX 50,-6.76881352982,2.67425412263e-09,21
Low_Ret_MA_45,NZD,NZX MidCap,-6.6934603288,4.05462578578e-09,25
Low_Ret_MA_45,PHP,PSEi Composite,,,
Low_Ret_MA_45,PKR,Karachi 100,-5.55214735554,1.61079587977e-06,9
Low_Ret_MA_45,SGD,STI Index,,,
Low_Ret_MA_45,THB,SET,-7.32362848972,1.1764736124e-10,28
Low_Ret_MA_45,TWD,TPEx 50,,,
Low_Ret_MA_45,TWD,Taiwan Weighted,,,
Low_Ret_MA_45,USD,Dow 30,-7.71164005645,1.25928458717e-11,27
Low_Ret_MA_45,USD,Nasdaq,-6.87682780656,1.4673113161e-09,13
Low_Ret_MA_45,USD,Nasdaq 100,-6.86249965833,1.58930060108e-09,13
Low_Ret_MA_45,USD,S&P 500,-7.3578028962,9.67666332145e-11,27
Low_Ret_MA_45,VND,HNX 30,,,
Low_Ret_MA_45,VND,VN 30,-6.15449339452,7.4249557229e-08,8
Close_Ret_MA_3,AUD,S&P/ASX 200,-10.6491244902,4.71086136894e-19,28
Close_Ret_MA_3,BDT,DSE 30,,,
Close_Ret_MA_3,CNY,SZSE Component,,,
Close_Ret_MA_3,CNY,Shanghai,-9.14641472294,2.76024490608e-15,28
Close_Ret_MA_3,HKD,Hang Seng,-10.6719773233,4.14479163217e-19,26
Close_Ret_MA_3,IDR,IDX Composite,-9.21204633873,1.8763279284e-15,28
Close_Ret_MA_3,INR,BSE Sensex,,,
Close_Ret_MA_3,INR,Nifty 50,-10.1282526712,9.06052801889e-18,27
Close_Ret_MA_3,JPY,Nikkei 225,-9.25067480796,1.49523256093e-15,27
Close_Ret_MA_3,KRW,KOSPI,-10.6846234642,3.86158658892e-19,27
Close_Ret_MA_3,KRW,KOSPI 50,,,
Close_Ret_MA_3,LKR,CSE All-Share,-8.11783342072,1.1778353892e-12,28
Close_Ret_MA_3,MNT,MNE Top 20,,,
Close_Ret_MA_3,MYR,KLCI,,,
Close_Ret_MA_3,NZD,NZX 50,,,
Close_Ret_MA_3,NZD,NZX MidCap,,,
Close_Ret_MA_3,PHP,PSEi Composite,,,
Close_Ret_MA_3,PKR,Karachi 100,-9.19406814896,2.08552696592e-15,28
Close_Ret_MA_3,SGD,STI Index,,,
Close_Ret_MA_3,THB,SET,-9.29003790565,1.18655930746e-15,28
Close_Ret_MA_3,TWD,TPEx 50,,,
Close_Ret_MA_3,TWD,Taiwan Weighted,,,
Close_Ret_MA_3,USD,Dow 30,-10.2584035976,4.30032511072e-18,27
Close_Ret_MA_3,USD,Nasdaq,-10.2225489875,5.27826865326e-18,27
Close_Ret_MA_3,USD,Nasdaq 100,-10.3459051485,2.61153682767e-18,28
Close_Ret_MA_3,USD,S&P 500,-10.3580910274,2.43667028274e-18,27
Close_Ret_MA_3,VND,HNX 30,,,
Close_Ret_MA_3,VND,VN 30,-9.11155635145,3.38872349805e-15,27
Close_Ret_MA_15,AUD,S&P/ASX 200,-10.1333999417,8.7967371802e-18,27
Close_Ret_MA_15,BDT,DSE 30,,,
Close_Ret_MA_15,CNY,SZSE Component,,,
Close_Ret_MA_15,CNY,Shanghai,-9.11540926528,3.31274116011e-15,25
Close_Ret_MA_15,HKD,Hang Seng,-8.83895010979,1.68890907788e-14,18
Close_Ret_MA_15,IDR,IDX Composite,-9.5983343097,1.95088955309e-16,28
Close_Ret_MA_15,INR,BSE Sensex,,,
Close_Ret_MA_15,INR,Nifty 50,-10.5980720363,6.27402753855e-19,28
Close_Ret_MA_15,JPY,Nikkei 225,-9.52098277063,3.06541572556e-16,27
Close_Ret_MA_15,KRW,KOSPI,-10.1842726476,6.5710936926e-18,26
Close_Ret_MA_15,KRW,KOSPI 50,,,
Close_Ret_MA_15,LKR,CSE All-Share,-7.86827883797,5.06522176586e-12,28
Close_Ret_MA_15,MNT,MNE Top 20,,,
Close_Ret_MA_15,MYR,KLCI,,,
Close_Ret_MA_15,NZD,NZX 50,,,
Close_Ret_MA_15,NZD,NZX MidCap,,,
Close_Ret_MA_15,PHP,PSEi Composite,,,
Close_Ret_MA_15,PKR,Karachi 100,-9.11824786746,3.25785581951e-15,27
Close_Ret_MA_15,SGD,STI Index,,,
Close_Ret_MA_15,THB,SET,-10.2029567856,5.90438499508e-18,28
Close_Ret_MA_15,TWD,TPEx 50,,,
Close_Ret_MA_15,TWD,Taiwan Weighted,,,
Close_Ret_MA_15,USD,Dow 30,-10.1750974239,6.92575392727e-18,27
Close_Ret_MA_15,USD,Nasdaq,-10.0454328108,1.45869380326e-17,27
Close_Ret_MA_15,USD,Nasdaq 100,-10.1522026532,7.8971288286e-18,27
Close_Ret_MA_15,USD,S&P 500,-9.6704942738,1.28078232416e-16,21
Close_Ret_MA_15,VND,HNX 30,,,
Close_Ret_MA_15,VND,VN 30,-9.0244208745,5.66062145285e-15,25
Close_Ret_MA_45,AUD,S&P/ASX 200,-6.5093812482,1.1102235246e-08,7
Close_Ret_MA_45,BDT,DSE 30,,,
Close_Ret_MA_45,CNY,SZSE Component,,,
Close_Ret_MA_45,CNY,Shanghai,-7.26767202749,1.61895925737e-10,23
Close_Ret_MA_45,HKD,Hang Seng,-6.03058270345,1.42117206602e-07,4
Close_Ret_MA_45,IDR,IDX Composite,-6.28580340889,3.70075959557e-08,13
Close_Ret_MA_45,INR,BSE Sensex,,,
Close_Ret_MA_45,INR,Nifty 50,-7.12997358172,3.53855024525e-10,9
Close_Ret_MA_45,JPY,Nikkei 225,-6.68154287301,4.32962752387e-09,27
Close_Ret_MA_45,KRW,KOSPI,-7.13457844528,3.44752648269e-10,26
Close_Ret_MA_45,KRW,KOSPI 50,,,
Close_Ret_MA_45,LKR,CSE All-Share,-6.28453452109,3.72589187579e-08,14
Close_Ret_MA_45,MNT,MNE Top 20,,,
Close_Ret_MA_45,MYR,KLCI,,,
Close_Ret_MA_45,NZD,NZX 50,,,
Close_Ret_MA_45,NZD,NZX MidCap,,,
Close_Ret_MA_45,PHP,PSEi Composite,,,
Close_Ret_MA_45,PKR,Karachi 100,-5.41934419813,3.08431655472e-06,13
Close_Ret_MA_45,SGD,STI Index,,,
Close_Ret_MA_45,THB,SET,-7.14919896224,3.17362305008e-10,28
Close_Ret_MA_45,TWD,TPEx 50,,,
Close_Ret_MA_45,TWD,Taiwan Weighted,,,
Close_Ret_MA_45,USD,Dow 30,-6.51199827331,1.09454483017e-08,5
Close_Ret_MA_45,USD,Nasdaq,-6.47731836435,1.32124826763e-08,5
Close_Ret_MA_45,USD,Nasdaq 100,-6.71060984983,3.68890164653e-09,5
Close_Ret_MA_45,USD,S&P 500,-6.50947288281,1.10967081701e-08,5
Close_Ret_MA_45,VND,HNX 30,,,
Close_Ret_MA_45,VND,VN 30,-6.36732601376,2.39201256467e-08,27
Volume_Ret_MA_3,AUD,S&P/ASX 200,,,
Volume_Ret_MA_3,BDT,DSE 30,,,
Volume_Ret_MA_3,CNY,SZSE Component,,,
Volume_Ret_MA_3,CNY,Shanghai,-10.4056901529,1.85945252391e-18,27
Volume_Ret_MA_3,HKD,Hang Seng,,,
Volume_Ret_MA_3,IDR,IDX Composite,,,
Volume_Ret_MA_3,INR,BSE Sensex,,,
Volume_Ret_MA_3,INR,Nifty 50,-9.20474966647,1.95857141473e-15,28
Volume_Ret_MA_3,JPY,Nikkei 225,,,
Volume_Ret_MA_3,KRW,KOSPI,-9.13400709942,2.96930126847e-15,28
Volume_Ret_MA_3,KRW,KOSPI 50,,,
Volume_Ret_MA_3,LKR,CSE All-Share,,,
Volume_Ret_MA_3,MNT,MNE Top 20,,,
Volume_Ret_MA_3,MYR,KLCI,,,
Volume_Ret_MA_3,NZD,NZX 50,-8.32607165899,3.46790571983e-13,27
Volume_Ret_MA_3,NZD,NZX MidCap,,,
Volume_Ret_MA_3,PHP,PSEi Composite,,,
Volume_Ret_MA_3,PKR,Karachi 100,,,
Volume_Ret_MA_3,SGD,STI Index,,,
Volume_Ret_MA_3,THB,SET,-8.55465069897,9.0276601445e-14,27
Volume_Ret_MA_3,TWD,TPEx 50,,,
Volume_Ret_MA_3,TWD,Taiwan Weighted,,,
Volume_Ret_MA_3,USD,Dow 30,,,
Volume_Ret_MA_3,USD,Nasdaq,-9.36107062661,7.82049520872e-16,28
Volume_Ret_MA_3,USD,Nasdaq 100,-10.4307247458,1.61337825159e-18,28
Volume_Ret_MA_3,USD,S&P 500,,,
Volume_Ret_MA_3,VND,HNX 30,,,
Volume_Ret_MA_3,VND,VN 30,,,
Volume_Ret_MA_15,AUD,S&P/ASX 200,,,
Volume_Ret_MA_15,BDT,DSE 30,,,
Volume_Ret_MA_15,CNY,SZSE Component,,,
Volume_Ret_MA_15,CNY,Shanghai,-10.464238769,1.33450444296e-18,28
Volume_Ret_MA_15,HKD,Hang Seng,,,
Volume_Ret_MA_15,IDR,IDX Composite,,,
Volume_Ret_MA_15,INR,BSE Sensex,,,
Volume_Ret_MA_15,INR,Nifty 50,-7.99053713745,2.48139100866e-12,15
Volume_Ret_MA_15,JPY,Nikkei 225,,,
Volume_Ret_MA_15,KRW,KOSPI,-7.7069423394,1.29406655824e-11,15
Volume_Ret_MA_15,KRW,KOSPI 50,,,
Volume_Ret_MA_15,LKR,CSE All-Share,,,
Volume_Ret_MA_15,MNT,MNE Top 20,,,
Volume_Ret_MA_15,MYR,KLCI,,,
Volume_Ret_MA_15,NZD,NZX 50,-7.75587487533,9.74129976802e-12,24
Volume_Ret_MA_15,NZD,NZX MidCap,,,
Volume_Ret_MA_15,PHP,PSEi Composite,,,
Volume_Ret_MA_15,PKR,Karachi 100,,,
Volume_Ret_MA_15,SGD,STI Index,,,
Volume_Ret_MA_15,THB,SET,-8.87396949003,1.37384414307e-14,28
Volume_Ret_MA_15,TWD,TPEx 50,,,
Volume_Ret_MA_15,TWD,Taiwan Weighted,,,
Volume_Ret_MA_15,USD,Dow 30,,,
Volume_Ret_MA_15,USD,Nasdaq,-9.55758335999,2.47504378797e-16,28
Volume_Ret_MA_15,USD,Nasdaq 100,-12.3055245217,7.28637913961e-23,28
Volume_Ret_MA_15,USD,S&P 500,,,
Volume_Ret_MA_15,VND,HNX 30,,,
Volume_Ret_MA_15,VND,VN 30,,,
Volume_Ret_MA_45,AUD,S&P/ASX 200,,,
Volume_Ret_MA_45,BDT,DSE 30,,,
Volume_Ret_MA_45,CNY,SZSE Component,,,
Volume_Ret_MA_45,CNY,Shanghai,-6.77817044692,2.53918133547e-09,6
Volume_Ret_MA_45,HKD,Hang Seng,,,
Volume_Ret_MA_45,IDR,IDX Composite,,,
Volume_Ret_MA_45,INR,BSE Sensex,,,
Volume_Ret_MA_45,INR,Nifty 50,-5.68184443261,8.45105812958e-07,0
Volume_Ret_MA_45,JPY,Nikkei 225,,,
Volume_Ret_MA_45,KRW,KOSPI,-5.46509028705,2.46905810067e-06,0
Volume_Ret_MA_45,KRW,KOSPI 50,,,
Volume_Ret_MA_45,LKR,CSE All-Share,,,
Volume_Ret_MA_45,MNT,MNE Top 20,,,
Volume_Ret_MA_45,MYR,KLCI,,,
Volume_Ret_MA_45,NZD,NZX 50,-5.39341076969,3.49683168762e-06,2
Volume_Ret_MA_45,NZD,NZX MidCap,,,
Volume_Ret_MA_45,PHP,PSEi Composite,,,
Volume_Ret_MA_45,PKR,Karachi 100,,,
Volume_Ret_MA_45,SGD,STI Index,,,
Volume_Ret_MA_45,THB,SET,-5.131381916,1.21188427304e-05,15
Volume_Ret_MA_45,TWD,TPEx 50,,,
Volume_Ret_MA_45,TWD,Taiwan Weighted,,,
Volume_Ret_MA_45,USD,Dow 30,,,
Volume_Ret_MA_45,USD,Nasdaq,-5.74791177737,6.06076996565e-07,1
Volume_Ret_MA_45,USD,Nasdaq 100,-8.52831159736,1.0543467683e-13,24
Volume_Ret_MA_45,USD,S&P 500,,,
Volume_Ret_MA_45,VND,HNX 30,,,
Volume_Ret_MA_45,VND,VN 30,,,
Time features,Weekday,Weekday,-3.08287588041e+14,0.0,3
Time features,Year,Year,-0.521729053228,0.887706014884,0
Time features,Month,Month,-5.04848662266,1.77780038979e-05,0
Time features,Day,Day,-11.6117750871,2.50311320166e-21,28
Open_MTD,AUD,S&P/ASX 200,-10.5140658475,1.00700800039e-18,7
Open_MTD,BDT,DSE 30,,,
Open_MTD,CNY,SZSE Component,,,
Open_MTD,CNY,Shanghai,-8.83654501024,1.71302998715e-14,20
Open_MTD,HKD,Hang Seng,-10.7632877773,2.48912270759e-19,8
Open_MTD,IDR,IDX Composite,-11.1016116419,3.85273789001e-20,9
Open_MTD,INR,BSE Sensex,,,
Open_MTD,INR,Nifty 50,-10.8535880644,1.507152765e-19,3
Open_MTD,JPY,Nikkei 225,-11.0733105182,4.49671516062e-20,3
Open_MTD,KRW,KOSPI,-11.0000666532,6.71723769483e-20,14
Open_MTD,KRW,KOSPI 50,,,
Open_MTD,LKR,CSE All-Share,-8.87712103816,1.34855377171e-14,22
Open_MTD,MNT,MNE Top 20,,,
Open_MTD,MYR,KLCI,,,
Open_MTD,NZD,NZX 50,-11.1394364974,3.13509365353e-20,1
Open_MTD,NZD,NZX MidCap,-10.8095357003,1.92447057432e-19,1
Open_MTD,PHP,PSEi Composite,,,
Open_MTD,PKR,Karachi 100,-10.5440454807,8.50354920176e-19,7
Open_MTD,SGD,STI Index,,,
Open_MTD,THB,SET,-11.2712335036,1.53505222895e-20,4
Open_MTD,TWD,TPEx 50,,,
Open_MTD,TWD,Taiwan Weighted,,,
Open_MTD,USD,Dow 30,-11.1449236235,3.04286771166e-20,13
Open_MTD,USD,Nasdaq,-10.8071076699,1.95060822753e-19,3
Open_MTD,USD,Nasdaq 100,-10.9715955209,7.8552745663e-20,3
Open_MTD,USD,S&P 500,-10.8475363608,1.55856178076e-19,13
Open_MTD,VND,HNX 30,,,
Open_MTD,VND,VN 30,-12.3941998846,4.71516019767e-23,3
High_MTD,AUD,S&P/ASX 200,-10.9574704531,8.49039186602e-20,2
High_MTD,BDT,DSE 30,,,
High_MTD,CNY,SZSE Component,,,
High_MTD,CNY,Shanghai,-8.5836711719,7.60838730199e-14,19
High_MTD,HKD,Hang Seng,-10.8084107079,1.93653678871e-19,4
High_MTD,IDR,IDX Composite,-11.2301672358,1.91624716547e-20,7
High_MTD,INR,BSE Sensex,,,
High_MTD,INR,Nifty 50,-10.9891887252,7.13092473877e-20,3
High_MTD,JPY,Nikkei 225,-11.02494829,5.85988731443e-20,3
High_MTD,KRW,KOSPI,-10.7895835352,2.15020362123e-19,12
High_MTD,KRW,KOSPI 50,,,
High_MTD,LKR,CSE All-Share,-8.70322339362,3.75998194173e-14,22
High_MTD,MNT,MNE Top 20,,,
High_MTD,MYR,KLCI,,,
High_MTD,NZD,NZX 50,-10.8900293001,1.23183245514e-19,2
High_MTD,NZD,NZX MidCap,-10.7194464375,3.17860298037e-19,2
High_MTD,PHP,PSEi Composite,,,
High_MTD,PKR,Karachi 100,-10.471109707,1.28362922505e-18,6
High_MTD,SGD,STI Index,,,
High_MTD,THB,SET,-8.2165601534,6.60006211304e-13,22
High_MTD,TWD,TPEx 50,,,
High_MTD,TWD,Taiwan Weighted,,,
High_MTD,USD,Dow 30,-11.3205454402,1.17712781347e-20,13
High_MTD,USD,Nasdaq,-10.8862873428,1.25758875149e-19,4
High_MTD,USD,Nasdaq 100,-11.0472347634,5.18624212399e-20,4
High_MTD,USD,S&P 500,-8.53975952834,9.85568372358e-14,24
High_MTD,VND,HNX 30,,,
High_MTD,VND,VN 30,-12.3861839083,4.90354891358e-23,3
Low_MTD,AUD,S&P/ASX 200,-11.0527196962,5.03282238494e-20,2
Low_MTD,BDT,DSE 30,,,
Low_MTD,CNY,SZSE Component,,,
Low_MTD,CNY,Shanghai,-10.7036255959,3.47232173058e-19,13
Low_MTD,HKD,Hang Seng,-10.8002124539,2.02680748283e-19,8
Low_MTD,IDR,IDX Composite,-11.171707167,2.63060549346e-20,10
Low_MTD,INR,BSE Sensex,,,
Low_MTD,INR,Nifty 50,-11.0256765465,5.83653363147e-20,4
Low_MTD,JPY,Nikkei 225,-10.5568618699,7.91117711455e-19,11
Low_MTD,KRW,KOSPI,-10.9617809327,8.29125510421e-20,14
Low_MTD,KRW,KOSPI 50,,,
Low_MTD,LKR,CSE All-Share,-8.78628742817,2.3039087326e-14,22
Low_MTD,MNT,MNE Top 20,,,
Low_MTD,MYR,KLCI,,,
Low_MTD,NZD,NZX 50,-10.9095935349,1.10559839394e-19,1
Low_MTD,NZD,NZX MidCap,-10.6905364404,3.73595187271e-19,2
Low_MTD,PHP,PSEi Composite,,,
Low_MTD,PKR,Karachi 100,-10.6083600583,5.92163296387e-19,1
Low_MTD,SGD,STI Index,,,
Low_MTD,THB,SET,-8.62893936079,5.82640253288e-14,28
Low_MTD,TWD,TPEx 50,,,
Low_MTD,TWD,Taiwan Weighted,,,
Low_MTD,USD,Dow 30,-8.98068390573,7.32438556398e-15,20
Low_MTD,USD,Nasdaq,-10.9795922365,7.51723534164e-20,4
Low_MTD,USD,Nasdaq 100,-11.1196123734,3.49252546234e-20,4
Low_MTD,USD,S&P 500,-11.0227874413,5.92973916553e-20,4
Low_MTD,VND,HNX 30,,,
Low_MTD,VND,VN 30,-12.5290171531,2.45207302569e-23,4
Close_MTD,AUD,S&P/ASX 200,-10.760653141,2.5259248424e-19,2
Close_MTD,BDT,DSE 30,,,
Close_MTD,CNY,SZSE Component,,,
Close_MTD,CNY,Shanghai,-11.0273936944,5.78184027762e-20,9
Close_MTD,HKD,Hang Seng,-10.8956542411,1.19411484949e-19,4
Close_MTD,IDR,IDX Composite,-11.4276813342,6.6335621618e-21,10
Close_MTD,INR,BSE Sensex,,,
Close_MTD,INR,Nifty 50,-10.8400545798,1.62457659596e-19,9
Close_MTD,JPY,Nikkei 225,-10.8256200091,1.76003371836e-19,3
Close_MTD,KRW,KOSPI,-8.15266760063,9.60250319752e-13,26
Close_MTD,KRW,KOSPI 50,,,
Close_MTD,LKR,CSE All-Share,-8.3308034043,3.37273321582e-13,23
Close_MTD,MNT,MNE Top 20,,,
Close_MTD,MYR,KLCI,,,
Close_MTD,NZD,NZX 50,-7.04127531925,5.83818170277e-10,20
Close_MTD,NZD,NZX MidCap,-6.98309797942,8.09691824252e-10,20
Close_MTD,PHP,PSEi Composite,,,
Close_MTD,PKR,Karachi 100,-10.4634864892,1.34019672753e-18,1
Close_MTD,SGD,STI Index,,,
Close_MTD,THB,SET,-8.46240580012,1.5545252905e-13,22
Close_MTD,TWD,TPEx 50,,,
Close_MTD,TWD,Taiwan Weighted,,,
Close_MTD,USD,Dow 30,-8.53367087833,1.02157124511e-13,28
Close_MTD,USD,Nasdaq,-10.7883009767,2.16559784896e-19,4
Close_MTD,USD,Nasdaq 100,-10.9877154235,7.18890210264e-20,4
Close_MTD,USD,S&P 500,-8.20636023783,7.00737439956e-13,27
Close_MTD,VND,HNX 30,,,
Close_MTD,VND,VN 30,-12.5096367455,2.69213874601e-23,4
Open_YTD,AUD,S&P/ASX 200,-3.16866507003,0.0218716360026,1
Open_YTD,BDT,DSE 30,,,
Open_YTD,CNY,SZSE Component,,,
Open_YTD,CNY,Shanghai,-3.38114457847,0.0116186936902,23
Open_YTD,HKD,Hang Seng,-3.6050156034,0.00566586097749,2
Open_YTD,IDR,IDX Composite,-3.42684551085,0.0100770514422,3
Open_YTD,INR,BSE Sensex,,,
Open_YTD,INR,Nifty 50,-3.47101383328,0.00876348343945,0
Open_YTD,JPY,Nikkei 225,-3.33808420872,0.0132595995793,0
Open_YTD,KRW,KOSPI,-3.84108931329,0.00251381321001,1
Open_YTD,KRW,KOSPI 50,,,
Open_YTD,LKR,CSE All-Share,-2.79081731161,0.0595974688954,1
Open_YTD,MNT,MNE Top 20,,,
Open_YTD,MYR,KLCI,,,
Open_YTD,NZD,NZX 50,-3.00218510067,0.0346908426381,0
Open_YTD,NZD,NZX MidCap,-3.3227030556,0.0138936497328,0
Open_YTD,PHP,PSEi Composite,,,
Open_YTD,PKR,Karachi 100,-3.81853009174,0.0027233172368,0
Open_YTD,SGD,STI Index,,,
Open_YTD,THB,SET,-4.03122236326,0.00125556279957,0
Open_YTD,TWD,TPEx 50,,,
Open_YTD,TWD,Taiwan Weighted,,,
Open_YTD,USD,Dow 30,-3.94773749667,0.00171030363051,0
Open_YTD,USD,Nasdaq,-3.65809159728,0.00474277454671,0
Open_YTD,USD,Nasdaq 100,-3.73312599974,0.00367061261536,0
Open_YTD,USD,S&P 500,-3.49201045432,0.00819466902737,0
Open_YTD,VND,HNX 30,,,
Open_YTD,VND,VN 30,-3.69690846614,0.0041568500707,0
High_YTD,AUD,S&P/ASX 200,-3.13548255445,0.0240363436427,1
High_YTD,BDT,DSE 30,,,
High_YTD,CNY,SZSE Component,,,
High_YTD,CNY,Shanghai,-3.24630751883,0.0174558945769,1
High_YTD,HKD,Hang Seng,-3.55901978717,0.00659458008811,1
High_YTD,IDR,IDX Composite,-3.55058159234,0.00677919905066,2
High_YTD,INR,BSE Sensex,,,
High_YTD,INR,Nifty 50,-3.40289039176,0.0108607321104,1
High_YTD,JPY,Nikkei 225,-3.324406449,0.013822136228,1
High_YTD,KRW,KOSPI,-3.84966681315,0.00243813525663,1
High_YTD,KRW,KOSPI 50,,,
High_YTD,LKR,CSE All-Share,-2.66881371302,0.0795920667654,0
High_YTD,MNT,MNE Top 20,,,
High_YTD,MYR,KLCI,,,
High_YTD,NZD,NZX 50,-2.95648531139,0.039162825553,1
High_YTD,NZD,NZX MidCap,-3.3729931409,0.0119147180314,1
High_YTD,PHP,PSEi Composite,,,
High_YTD,PKR,Karachi 100,-3.72507577827,0.00377395170337,1
High_YTD,SGD,STI Index,,,
High_YTD,THB,SET,-3.93668838159,0.00178083254121,1
High_YTD,TWD,TPEx 50,,,
High_YTD,TWD,Taiwan Weighted,,,
High_YTD,USD,Dow 30,-3.91331522313,0.00193901060684,1
High_YTD,USD,Nasdaq,-3.58411158445,0.00607214680797,1
High_YTD,USD,Nasdaq 100,-3.62015314799,0.00538722750417,1
High_YTD,USD,S&P 500,-3.42761801605,0.0100526421409,1
High_YTD,VND,HNX 30,,,
High_YTD,VND,VN 30,-3.64453684252,0.00496449113754,1
Low_YTD,AUD,S&P/ASX 200,-2.88316168052,0.0473413951681,5
Low_YTD,BDT,DSE 30,,,
Low_YTD,CNY,SZSE Component,,,
Low_YTD,CNY,Shanghai,-3.37489248416,0.0118451497669,25
Low_YTD,HKD,Hang Seng,-3.63595256783,0.00510974348064,1
Low_YTD,IDR,IDX Composite,-3.59365607349,0.00588347466027,3
Low_YTD,INR,BSE Sensex,,,
Low_YTD,INR,Nifty 50,-3.51552809999,0.00759714096229,0
Low_YTD,JPY,Nikkei 225,-3.49755817612,0.00805002717,1
Low_YTD,KRW,KOSPI,-4.03652381641,0.00123088540892,1
Low_YTD,KRW,KOSPI 50,,,
Low_YTD,LKR,CSE All-Share,-2.74951498849,0.0658548780201,0
Low_YTD,MNT,MNE Top 20,,,
Low_YTD,MYR,KLCI,,,
Low_YTD,NZD,NZX 50,-3.12847410617,0.0245164903956,1
Low_YTD,NZD,NZX MidCap,-3.39435912035,0.0111526784758,1
Low_YTD,PHP,PSEi Composite,,,
Low_YTD,PKR,Karachi 100,-3.95829613186,0.00164533753798,1
Low_YTD,SGD,STI Index,,,
Low_YTD,THB,SET,-4.06102075047,0.00112262287429,1
Low_YTD,TWD,TPEx 50,,,
Low_YTD,TWD,Taiwan Weighted,,,
Low_YTD,USD,Dow 30,-4.25035460835,0.000540859771833,1
Low_YTD,USD,Nasdaq,-3.83543195719,0.00256490737084,1
Low_YTD,USD,Nasdaq 100,-3.91130958867,0.00195317346214,1
Low_YTD,USD,S&P 500,-3.83210732974,0.00259537881985,1
Low_YTD,VND,HNX 30,,,
Low_YTD,VND,VN 30,-3.79481471237,0.00296081505133,1
Close_YTD,AUD,S&P/ASX 200,-3.1150457278,0.0254595889714,0
Close_YTD,BDT,DSE 30,,,
Close_YTD,CNY,SZSE Component,,,
Close_YTD,CNY,Shanghai,-3.41049942468,0.0106061120473,23
Close_YTD,HKD,Hang Seng,-3.52739075921,0.00731088386433,0
Close_YTD,IDR,IDX Composite,-3.78061185489,0.00311202803675,0
Close_YTD,INR,BSE Sensex,,,
Close_YTD,INR,Nifty 50,-3.41005804598,0.0106207351041,0
Close_YTD,JPY,Nikkei 225,-3.41932135508,0.010317579958,0
Close_YTD,KRW,KOSPI,-3.89972270642,0.00203688878242,0
Close_YTD,KRW,KOSPI 50,,,
Close_YTD,LKR,CSE All-Share,-2.69478830623,0.0749444698178,0
Close_YTD,MNT,MNE Top 20,,,
Close_YTD,MYR,KLCI,,,
Close_YTD,NZD,NZX 50,-2.55997151214,0.101555726022,1
Close_YTD,NZD,NZX MidCap,-2.51722084278,0.111340333004,1
Close_YTD,PHP,PSEi Composite,,,
Close_YTD,PKR,Karachi 100,-3.77978404194,0.00312105674861,1
Close_YTD,SGD,STI Index,,,
Close_YTD,THB,SET,-3.836038713,0.00255938196898,0
Close_YTD,TWD,TPEx 50,,,
Close_YTD,TWD,Taiwan Weighted,,,
Close_YTD,USD,Dow 30,-4.25064452954,0.000540241800803,0
Close_YTD,USD,Nasdaq,-3.78456477353,0.00306924488246,0
Close_YTD,USD,Nasdaq 100,-3.81540850289,0.00275354224084,0
Close_YTD,USD,S&P 500,-3.76590765079,0.00327603150343,0
Close_YTD,VND,HNX 30,,,
Close_YTD,VND,VN 30,-3.65772611489,0.00474863243582,0
